{
	"info": {
		"_postman_id": "5769e433-6aef-4b38-87b5-6b5cb41ae69d",
		"name": "TP3 Desarrollo Autos",
		"schema": "https://schema.getpostman.com/json/collection/v2.1.0/collection.json",
		"_exporter_id": "48799217",
		"_collection_link": "https://carrizonicolasd8-6447849.postman.co/workspace/SalesforceCollection~b92b785a-0591-4ebb-807e-12d95cee0757/collection/48799217-5769e433-6aef-4b38-87b5-6b5cb41ae69d?action=share&source=collection_link&creator=48799217"
	},
	"item": [
		{
			"name": "1. GET - Traer Todos los Autos (CRUD Lectura)",
			"request": {
				"method": "GET",
				"header": [],
				"url": {
					"raw": "http://localhost:8080/autos/traer",
					"protocol": "http",
					"host": [
						"localhost"
					],
					"port": "8080",
					"path": [
						"autos",
						"traer"
					]
				}
			},
			"response": []
		},
		{
			"name": "2. POST - Crear Auto (Éxito - Valida DTO)",
			"request": {
				"method": "POST",
				"header": [],
				"body": {
					"mode": "raw",
					"raw": "{\r\n\"marca\": \"Chevrolet Cruze\",\r\n\"precio\": 25000.00\r\n}",
					"options": {
						"raw": {
							"language": "json"
						}
					}
				},
				"url": {
					"raw": "http://localhost:8080/autos/crear",
					"protocol": "http",
					"host": [
						"localhost"
					],
					"port": "8080",
					"path": [
						"autos",
						"crear"
					]
				}
			},
			"response": []
		},
		{
			"name": "3. POST - Error (Valida @Min Precio)",
			"request": {
				"method": "POST",
				"header": [],
				"body": {
					"mode": "raw",
					"raw": "{\r\n    \"marca\": \"Auto Negativo\",\r\n    \"precio\": -10.00 \r\n}",
					"options": {
						"raw": {
							"language": "json"
						}
					}
				},
				"url": {
					"raw": "http://localhost:8080/autos/crear",
					"protocol": "http",
					"host": [
						"localhost"
					],
					"port": "8080",
					"path": [
						"autos",
						"crear"
					]
				}
			},
			"response": []
		},
		{
			"name": "4. GET - Traer por Marca (Regla de Negocio/Method Query)",
			"request": {
				"method": "GET",
				"header": [],
				"url": {
					"raw": "http://localhost:8080/autos/traer/marca?marca=Chevrolet Cruze",
					"protocol": "http",
					"host": [
						"localhost"
					],
					"port": "8080",
					"path": [
						"autos",
						"traer",
						"marca"
					],
					"query": [
						{
							"key": "marca",
							"value": "Chevrolet Cruze"
						}
					]
				}
			},
			"response": []
		},
		{
			"name": "5. PUT - Editar Auto Existente (CRUD Edición)",
			"request": {
				"method": "PUT",
				"header": [],
				"url": {
					"raw": "ttp://localhost:8080/autos/editar/1",
					"protocol": "ttp",
					"host": [
						"localhost"
					],
					"port": "8080",
					"path": [
						"autos",
						"editar",
						"1"
					]
				}
			},
			"response": []
		},
		{
			"name": "6. DELETE - Borrar Auto (CRUD Eliminación)",
			"request": {
				"method": "DELETE",
				"header": [],
				"body": {
					"mode": "raw",
					"raw": "{\r\n\"marca\": \"Chevrolet Cruze\",\r\n\"precio\": 25000.00\r\n}",
					"options": {
						"raw": {
							"language": "json"
						}
					}
				},
				"url": {
					"raw": "http://localhost:8080/autos/borrar/1",
					"protocol": "http",
					"host": [
						"localhost"
					],
					"port": "8080",
					"path": [
						"autos",
						"borrar",
						"1"
					]
				}
			},
			"response": []
		}
	]
}